YEAR,YEARGROUP
2013,2013
2014,2014
2015,2015
2016,2016
2017,2017
2018,2018
2019,2019
2020,2020
2021,2021
2022,2022
2023,2023
2013,2013-2017
2014,2013-2017
2015,2013-2017
2016,2013-2017
2017,2013-2017
2015,2015-2019
2016,2015-2019
2017,2015-2019
2018,2015-2019
2019,2015-2019
2019,2019-2023
2020,2019-2023
2021,2019-2023
2022,2019-2023
2023,2019-2023
2013,All Years
2014,All Years
2015,All Years
2016,All Years
2017,All Years
2018,All Years
2019,All Years
2020,All Years
2021,All Years
2022,All Years
2023,All Years