<?xml version="1.0" encoding="UTF-8"?>
<metadata xml:lang="en"><Esri><CreaDate>20210517</CreaDate><CreaTime>08372900</CreaTime><ArcGISFormat>1.0</ArcGISFormat><SyncOnce>TRUE</SyncOnce><DataProperties><lineage><Process ToolSource="c:\program files (x86)\arcgis\desktop10.5\ArcToolbox\Toolboxes\Data Management Tools.tbx\CalculateField" Date="20210517" Time="083729">CalculateField Continuous_Count_Station_Locations STATION_N [ATR_NUMBER] VB #</Process><Process ToolSource="c:\program files (x86)\arcgis\desktop10.5\ArcToolbox\Toolboxes\Data Management Tools.tbx\CalculateField" Date="20210517" Time="083846">CalculateField Continuous_Count_Station_Locations STATION_N [ATR_NUMBER]*-1 VB #</Process><Process ToolSource="c:\program files (x86)\arcgis\desktop10.5\ArcToolbox\Toolboxes\Data Management Tools.tbx\CalculateField" Date="20210521" Time="094305">CalculateField "Compare AADT\Continuous_Count_Station_Locations" Display "Low Data 2019" VB #</Process></lineage></DataProperties></Esri></metadata>
